Ref,Val,Package,PosX,PosY,Rot,Side
"C1","4u7","C_0603_1608Metric",12.100000,12.812500,180.000000,top
"C2","4u7","C_0603_1608Metric",14.575000,9.412500,90.000000,top
"C3","4u7","C_0603_1608Metric",27.150000,22.700000,180.000000,top
"C4","100n","C_0402_1005Metric",28.020000,20.400000,180.000000,top
"C5","100n","C_0402_1005Metric",35.750000,17.900000,-90.000000,top
"C6","4u7","C_0603_1608Metric",25.000000,10.225000,-90.000000,top
"C7","100n","C_0402_1005Metric",25.000000,16.700000,180.000000,top
"C8","100n","C_0402_1005Metric",35.750000,15.570000,-90.000000,top
"C9","100n","C_0402_1005Metric",25.000000,12.700000,90.000000,top
"C10","100n","C_0402_1005Metric",28.000000,21.400000,180.000000,top
"C11","100n","C_0402_1005Metric",26.000000,12.700000,90.000000,top
"C12","100n","C_0402_1005Metric",32.300000,10.500000,0.000000,top
"C13","100n","C_0402_1005Metric",25.250000,7.800000,90.000000,top
"C14","4u7","C_0603_1608Metric",31.500000,21.230000,0.000000,top
"C15","0p8","C_0402_1005Metric",37.500000,16.200000,-90.000000,top
"C16","0p3","C_0402_1005Metric",40.500000,16.200000,-90.000000,top
"C17","10p","C_0402_1005Metric",29.600000,10.500000,0.000000,top
"C18","10p","C_0402_1005Metric",27.200000,10.500000,180.000000,top
"C19","100n","C_0402_1005Metric",37.000000,3.350000,-90.000000,top
"D1","LED","LED_0402_1005Metric",37.550000,10.050000,90.000000,top
"D2","USBLC6-2SC6","SOT-23-6",11.937500,15.600000,0.000000,top
"FLT1","DLF162500LT-5028A1","DLF162500LT-5028A1",42.500000,16.700000,0.000000,top
"FM1","Fiducial","Fiducial_1mm_Mask2mm",16.000000,23.800000,0.000000,top
"FM2","Fiducial","Fiducial_1mm_Mask2mm",42.600000,1.800000,0.000000,top
"FM3","Fiducial","Fiducial_1mm_Mask2mm",16.000000,1.600000,0.000000,top
"H1","MountingHole_Pad","MountingHole_2.2mm_M2_Pad_Via",46.666726,2.800000,0.000000,top
"H2","MountingHole_Pad","MountingHole_2.2mm_M2_Pad_Via",12.166726,22.666726,90.000000,top
"H3","MountingHole_Pad","MountingHole_2.2mm_M2_Pad_Via",12.000000,2.800000,0.000000,top
"H4","MountingHole_Pad","MountingHole_2.2mm_M2_Pad_Via",46.666726,22.833274,0.000000,top
"J1","USB_C_Receptacle_USB2.0_16P","USB_C_Receptacle_GCT_USB4105-xx-A_16P_TopMnt_Horizontal",4.000000,15.650000,-90.000000,top
"J2","Conn_01x04","Molex_PicoBlade_53048-0410_1x04_P1.25mm_Horizontal",6.100000,7.075000,-90.000000,top
"J3","Conn_Coaxial","U.FL_Hirose_U.FL-R-SMT-1_Vertical",46.375000,16.700000,0.000000,top
"J4","TC2030","Tag-Connect_TC2030-IDC-FP_2x03_P1.27mm_Vertical",19.400000,15.360000,-90.000000,top
"L1","10n","L_0402_1005Metric",29.500000,21.000000,90.000000,top
"L2","10u","L_0805_2012Metric",30.562500,23.000000,0.000000,top
"L3","2n7","L_0402_1005Metric",38.985000,16.700000,0.000000,top
"R1","220R","R_0402_1005Metric",33.800000,10.090000,90.000000,top
"R2","220R","R_0402_1005Metric",34.800000,10.090000,90.000000,top
"R3","220R","R_0402_1005Metric",38.850000,10.050000,-90.000000,top
"R4","5k1","R_0402_1005Metric",5.720000,9.670000,0.000000,top
"R5","5k1","R_0402_1005Metric",5.820000,21.670000,0.000000,top
"R6","220R","R_0402_1005Metric",35.550000,3.360000,-90.000000,top
"R7","5k1","R_0402_1005Metric",36.050000,5.200000,180.000000,top
"SW1","SW_Push","SW_SPST_CK_RS282G05A3",29.550000,3.050000,180.000000,top
"U1","MIC5365-3.3YD5","TSOT-23-5",12.100000,9.900000,-90.000000,top
"U2","STM32WB55CEU6","QFN-48-1EP_7x7mm_P0.5mm_EP5.6x5.6mm",30.750000,15.437500,90.000000,top
"X1","32kHz768","Crystal_SMD_2012-2Pin_2.0x1.2mm",28.400000,8.800000,180.000000,top
"X2","32MHz","Crystal_SMD_0603-4Pin_6.0x3.5mm",39.700000,22.700000,180.000000,top
